id,year,album,song,danceability,energy,key,loudness,mode,speechiness,acousticness,instrumentalness,liveness,valence,tempo,spotify_id,duration_ms,time_signature
1,1963,Please Please Me,I Saw Her Standing There,0.491,0.801,4,-9.835,1,0.0361,0.27,0,0.0665,0.971,160.109,3KiexfmhxHvG5IgAElmTkd,173947,4
2,1963,Please Please Me,Misery,0.591,0.605,0,-10.925,1,0.0413,0.707,0,0.309,0.882,133.348,40qXGg5nRbcWzcFb26KWkQ,108547,4
3,1963,Please Please Me,Anna,0.608,0.565,2,-11.06,1,0.0336,0.635,0,0.0601,0.835,109.286,2baEFuU0gQon0hgVRioI1o,177133,4
4,1963,Please Please Me,Chains,0.654,0.561,10,-10.551,1,0.0304,0.608,0,0.129,0.929,129.884,3JQWLa88R35d971o5bIImd,145080,4
5,1963,Please Please Me,Boys,0.402,0.86,4,-10.31,1,0.0504,0.607,0,0.736,0.822,142.445,7JxGM1R32ZqfwZou3VtnTg,146440,4
6,1963,Please Please Me,Ask Me Why,0.605,0.394,4,-11.33,1,0.0378,0.767,0,0.0967,0.597,133.942,7529Z6b1rlGZFFPWjHPeV5,146533,4
7,1963,Please Please Me,Please Please Me,0.527,0.48,4,-9.61,1,0.028,0.334,0,0.0702,0.706,139.388,6EHuOufBeL6vk3TvVJB5qo,120853,4
8,1963,Please Please Me,Love Me Do,0.52,0.829,0,-6.228,1,0.0806,0.386,0.000062,0.227,0.744,147.997,3VbGCXWRiouAq8VyMYN2MI,141693,4
9,1963,Please Please Me,P.S. I Love You,0.635,0.656,2,-8.5,1,0.0291,0.389,0.00127,0.0828,0.77,134.435,7Msq9qojB7yORuJvz49iUy,124360,4
10,1963,Please Please Me,Baby It's You,0.608,0.494,4,-12.211,0,0.0345,0.778,0,0.0926,0.879,112.421,2VmB1rF9FtfKUmFHDVnq8Q,160520,4
11,1963,Please Please Me,Do You Want to Know a Secret,0.673,0.349,4,-12.414,1,0.0368,0.608,0,0.38,0.609,124.451,7Aobt67JnaF7qN8jCCKvHq,117013,4
12,1963,Please Please Me,Taste of Honey,0.42,0.372,1,-11.416,0,0.0327,0.698,0,0.104,0.412,101.408,7fh53ta3vAOGJMQ4i5tCHe,123480,3
13,1963,Please Please Me,There's a Place,0.455,0.582,4,-10.009,1,0.0292,0.629,0.00000422,0.172,0.927,140.928,4dessGxnKXmTbHPhVgqODq,110493,4
14,1963,Please Please Me,Twist and Shout,0.482,0.849,2,-9.198,1,0.0452,0.641,0.00000774,0.0414,0.937,124.631,5ZBeML7Lf3FMEVviTyvi8l,155227,4
15,1963,With The Beatles,It Wont Be Long,0.472,0.673,4,-8.853,1,0.0318,0.284,0,0.206,0.862,133.117,4ekUX4pWizXXksJe0JfS9U,133387,4
16,1963,With The Beatles,All I've Got To Do,0.49,0.579,1,-10.301,0,0.0344,0.217,0,0.0644,0.879,119.403,5tztLBvTlNC15Np2tnQ5Ll,122573,4
17,1963,With The Beatles,All My Loving,0.416,0.563,1,-8.724,0,0.0298,0.207,0,0.343,0.9,77.56,4joiWvli4qJVEW6qZV2i2J,127853,4
18,1963,With The Beatles,Don’t Bother Me,0.371,0.724,2,-9.792,1,0.0562,0.554,0,0.299,0.916,170.377,7y1hMqXNa0dKQLZH7CKbUG,148253,3
19,1963,With The Beatles,Little Child,0.526,0.858,9,-8.533,1,0.0476,0.292,0.001,0.353,0.886,75.596,0KogQrSowDnZoU8GSpaxkj,106400,4
20,1963,With The Beatles,Till There Was You,0.727,0.338,5,-13.887,1,0.0454,0.79,0,0.105,0.646,122.421,0ESIjVxnDnCDaTPo6sStHm,133507,4
21,1963,With The Beatles,Please Mister Postman,0.552,0.644,9,-9.129,1,0.0372,0.675,0,0.36,0.961,122.546,6wfK1R6FoLpmUA9lk5ll4T,154160,4
22,1963,With The Beatles,Roll Over Beethoven,0.351,0.749,2,-9.435,2,0.0312,0.289,0,0.0952,0.967,160.673,3idqWaBn3mRdsIodCU6uBi,165467,4
23,1963,With The Beatles,Hold Me Tight,0.54,0.744,5,-9.637,1,0.0312,0.664,0,0.21,0.963,135.731,2RvKsA6Ho7VbJkVFiD4UQF,151907,4
24,1963,With The Beatles,You Really Got A Hold On Me,0.373,0.388,9,-9.31,1,0.0337,0.525,0,0.267,0.687,77.643,7rgUYidQh5tH0YlXCoKaYJ,181347,4
25,1963,With The Beatles,I Wanna Be Your Man,0.553,0.914,9,-8.232,1,0.0415,0.477,0,0.292,0.683,99.138,0sIZcoe69iSym9AecvZ7CT,119507,4
26,1963,With The Beatles,Devil In Her Heart,0.618,0.622,7,-8.861,1,0.0296,0.227,0,0.0438,0.966,121.072,5maTh4fY9SlgR3FhRkf040,146213,4
27,1963,With The Beatles,Not A Second Time,0.471,0.817,7,-9.999,1,0.0372,0.213,0,0.498,0.961,124.848,5vl0sRtrQM1BTSAxQZFqEN,126827,4
28,1963,With The Beatles,Money(That’s What I Want),0.545,0.853,11,-8.369,0,0.0394,0.425,0,0.266,0.923,128.816,3zw4FTrVNfy2teEkV9FOvh,169507,1
29,1964,A Hard Day's Night,A Hard Day's Night,0.59,0.805,0,-6.481,1,0.0371,0.137,0,0.0996,0.797,138.514,5J2CHimS7dWYMImCHkEFaJ,154200,4
30,1964,A Hard Day's Night,I should Have Known Better,0.682,0.444,7,-7.689,1,0.0289,0.257,0,0.115,0.91,130.704,3pU1CUgPiFfxPCpscwIwQR,163080,4
31,1964,A Hard Day's Night,If I Fell,0.665,0.31,2,-8.928,1,0.0278,0.68,0,0.0877,0.568,108.211,1hgvykolO4kBIEozATmpyj,139467,4
32,1964,A Hard Day's Night,Im Happy Just To Dance With You,0.658,0.537,6,-7.535,0,0.0307,0.138,0,0.0572,0.887,132.115,0gd50I2gKioJ59C827EdAY,116373,4
33,1964,A Hard Day's Night,And I Love Her,0.767,0.331,1,-10.777,0,0.0337,0.64,0,0.0681,0.636,113.312,65vdMBskhx3akkG9vQlSH1,149693,4
34,1964,A Hard Day's Night,tell me why ,0.267,0.688,11,-6.309,0,0.0388,0.586,0,0.307,0.797,150.942,0Wzp5pWPoX0YoBg002HXL9,128693,3
35,1964,A Hard Day's Night,cant buy me love,0.483,0.677,0,-5.91,1,0.0593,0.283,0,0.321,0.842,170.72,3SdingSsFcZDZAyvcJbgAw,131867,4
36,1964,A Hard Day's Night,any time at all,0.612,0.719,2,-7.026,1,0.0398,0.366,0.00000388,0.437,0.744,141.016,70XHAdaMaoLIOVb1hSaeJ4,131280,4
37,1964,A Hard Day's Night,ill cry instead,0.643,0.73,7,-6.859,1,0.0347,0.0917,0,0.253,0.96,96.711,01xMiErR26kH1KCif6uEYI,105987,4
38,1964,A Hard Day's Night,things we said today,0.551,0.575,2,-8.208,0,0.0332,0.239,0,0.112,0.516,137.054,0voUr8lubIafUVJlauJxYF,155333,4
39,1964,A Hard Day's Night,when I get home,0.568,0.793,9,-6.201,0,0.0482,0.384,0,0.388,0.64,125.375,4oLQ0imA5IDtNUnhFKY87q,136640,4
40,1964,A Hard Day's Night,you cant do that,0.612,0.788,0,-6.251,1,0.0335,0.367,0,0.382,0.961,129.161,5b9G4dtK3Tdguuy9BO3Nwo,154893,4
41,1964,A Hard Day's Night,ill be back,0.721,0.527,9,-7.224,1,0.0293,0.744,0,0.186,0.641,123.902,3lSi6qfnp2YZazTzcOLBZk,144187,4
42,1964,Beatles for Sale,no reply,0.718,0.593,0,-9.976,1,0.0377,0.67,0,0.172,0.869,124.251,4ltC6PrqkTtpcRNi5lvS4z,136067,4
43,1964,Beatles for Sale,im a loser,0.492,0.628,7,-7.813,1,0.0439,0.567,0.00000107,0.267,0.856,89.877,7wC4EW11mBVxDK3xdC7FTf,150027,4
44,1964,Beatles for Sale,babys in black,0.374,0.596,9,-7.666,1,0.0416,0.434,0,0.098,0.876,202.97,7cb2SdLm1UMLwdUoWwrZN1,124520,3
45,1964,Beatles for Sale,rock and roll music,0.457,0.917,9,-6.213,1,0.0441,0.566,0,0.333,0.965,167.092,7Ho3T7ERfooiAfvODaMQ2N,151280,4
46,1964,Beatles for Sale,ill follow the sun,0.689,0.313,0,-10.073,1,0.0366,0.789,0,0.144,0.625,133.754,45WX2cfbL8bCIqv3rOq1G3,108853,4
47,1964,Beatles for Sale,mr.moonlight,0.631,0.424,6,-9.106,1,0.0438,0.796,0.000143,0.118,0.589,126.127,6pPOkr2OxhQ6htrzOiDmq9,158627,5
48,1964,Beatles for Sale,kansas city/ Hey-Hey-Hey-Hey,0.588,0.724,7,-6.63,1,0.0335,0.614,0.0000892,0.877,0.924,131.36,5xf0zdP4KCfshyVn02D3Ea,158147,4
49,1964,Beatles for Sale,eight days a week,0.652,0.583,9,-7.811,1,0.038,0.412,0,0.119,0.744,138.134,1Dg4dFJr3HW7sbA7vPejre,163600,4
50,1964,Beatles for Sale,words of love,0.551,0.533,9,-9.8,1,0.0297,0.323,0.722,0.173,0.85,122.358,42qkSeX6HNJYHxlk6cWoFe,124320,4
51,1964,Beatles for Sale,honey don’t ,0.629,0.545,4,-11.466,1,0.0348,0.473,0.0000508,0.0854,0.735,162.438,2d7GP7Fz1NrfPpo7MzWZgb,177427,4
52,1964,Beatles for Sale,every little thing,0.74,0.49,2,-9.095,1,0.038,0.488,0,0.103,0.678,123.227,2CxTkdvhDuQrOxl8xXkdJS,123800,4
53,1964,Beatles for Sale,I don’t want to spoil the party ,0.533,0.668,7,-7.237,1,0.033,0.451,0,0.149,0.889,95.438,3kQDIa85ZK8cKVn72NfBnl,154467,4
54,1964,Beatles for Sale,What youre doing,0.695,0.53,2,-8.309,1,0.0403,0.301,0.000002,0.0583,0.825,129.506,6C6y4OWK1Ki3FVF1TIonxW,150040,4
55,1964,Beatles for Sale,everybodys trying to be my baby,0.543,0.806,4,-7.231,1,0.0385,0.466,0,0.134,0.943,85.172,4DZAH8eiqSAkMIE9l5D71U,146000,4
56,1965,Help!,Help!,0.534,0.725,6,-7.576,0,0.0332,0.188,0,0.0994,0.763,95.003,7DD7eSuYSC5xk2ArU62esN,139560,4
57,1965,Help!,the night before,0.461,0.762,2,-6.727,1,0.0379,0.0537,0,0.238,0.632,84.496,5xcfepnz1v7a83T8An9gjw,154933,4
58,1965,Help!,you’ve got to hide your love away,0.398,0.392,7,-9.05,1,0.0282,0.207,0,0.102,0.378,184.267,4F1AgKpuFRMLEgtPETVwZk,129120,3
59,1965,Help!,I need you,0.601,0.489,9,-8.554,1,0.0455,0.277,0,0.0988,0.638,136.215,5EzvwjFwdP5Kfl5AZAemzu,148787,4
60,1965,Help!,another girl,0.516,0.638,9,-7.453,1,0.0314,0.238,0,0.333,0.822,88.657,7hefVXaGsFPesbK6fKwS6F,125360,4
61,1965,Help!,youre going to lose that girl,0.533,0.66,4,-7.694,1,0.0337,0.346,0,0.26,0.818,131.975,70HNt0eoBVqr4ss68U8x3B,138667,4
62,1965,Help!,ticket to ride,0.519,0.85,9,-6.777,1,0.0678,0.0457,0,0.233,0.749,123.419,7CZiDzGVjUssMSOXrDNYHL,189680,4
63,1965,Help!,act naturally,0.702,0.447,7,-10.122,1,0.0308,0.366,0,0.153,0.944,93.02,0IxxqsYBcCHEQ1HqLYJnwx,150373,4
64,1965,Help!,its only love,0.629,0.551,0,-8.281,1,0.0256,0.22,0,0.0432,0.685,113.155,2ue1KRstSKHF8jQkIJZiNC,116480,3
65,1965,Help!,you like me too much,0.555,0.57,7,-7.869,1,0.0302,0.415,0,0.191,0.899,88.316,0y1LLH0NiwOD5tM3aNMXTr,156867,4
66,1965,Help!,tell me what you see,0.592,0.796,7,-8.125,1,0.0429,0.061,0,0.131,0.7,136.675,2jnr9KaaMAmvk0zMcM9UzV,157987,4
67,1965,Help!,ive just seen a face,0.647,0.56,9,-8.809,1,0.0387,0.723,0,0.118,0.913,120.418,788U1Sqej9M6c4iikuDGxO,125040,3
68,1965,Help!,yesterday,0.332,0.179,5,-11.83,1,0.0326,0.879,0,0.0886,0.315,96.529,3BQHpFgAp4l80e1XslIjNI,125667,4
69,1965,Help!,dizzy miss lizzy,0.373,0.934,9,-6.753,1,0.0591,0.116,0.00445,0.0962,0.918,136.037,70Dohn82wv6VtxGesqRzbZ,176507,4
70,1965,Rubber Soul,drive my car,0.754,0.571,2,-8.547,1,0.0421,0.0173,0,0.3,0.82,122.463,06ypiqmILMdVeaiErMFA91,148893,4
71,1965,Rubber Soul,norwegian wood,0.425,0.369,4,-11.876,1,0.0379,0.183,0.00126,0.112,0.65,176.625,1H7gMYGykdtwZOV6s1N0by,124693,3
72,1965,Rubber Soul,you wont see me,0.488,0.539,9,-8.752,1,0.0304,0.136,0,0.0538,0.473,115.941,4LLBKnNCrSRrSjSTuiwjE9,199960,4
73,1965,Rubber Soul,nowhere man,0.534,0.624,4,-9.589,1,0.0462,0.00797,0,0.128,0.687,121.402,5SUlhldQJtOhUr2GzH5RI7,163693,4
74,1965,Rubber Soul,think for yourself,0.529,0.567,0,-9.796,1,0.0282,0.0124,0,0.0729,0.799,130.544,64bKVrkaXQAKx04dLHqCNz,138520,4
75,1965,Rubber Soul,the word,0.59,0.641,0,-9.687,1,0.0416,0.00682,0,0.0553,0.792,120.773,4GBaPHvAyj4V2jeobD9tsy,163107,4
76,1965,Rubber Soul,michelle,0.578,0.29,5,-12.501,0,0.0341,0.652,0,0.105,0.666,117.403,5By7Pzgl6TMuVJG168VWzS,162373,4
77,1965,Rubber Soul,what goes on,0.67,0.776,4,-10.035,1,0.0749,0.0168,0.00000301,0.0732,0.765,96.93,19QXdPRZFHI5kNK3tN8Mh7,168573,4
78,1965,Rubber Soul,girl,0.699,0.294,5,-13.205,0,0.0294,0.587,0,0.117,0.893,96.615,6tQvjqDIK9GXWIC6mejms8,151720,4
79,1965,Rubber Soul,im looking through you ,0.667,0.498,1,-11.027,1,0.0364,0.00772,0,0.0481,0.774,85.843,5E3BVY66TEDexFutOO5GeS,146387,4
80,1965,Rubber Soul,in my life,0.688,0.435,9,-11.359,1,0.0323,0.449,0,0.113,0.435,103.239,3KfbEIOC7YIv90FIfNSZpo,146333,4
81,1965,Rubber Soul,wait,0.552,0.487,6,-10.574,0,0.04,0.0175,0,0.105,0.657,127.201,0CGbof9amBnsNlRhZ8IY2H,134720,4
82,1965,Rubber Soul,if I needed someone,0.492,0.755,9,-9.273,1,0.0331,0.00748,0,0.102,0.796,127.387,7C6hdDIz90Uf5YmdZnYbJJ,142267,4
83,1965,Rubber Soul,run for your life,0.563,0.705,2,-9.232,1,0.103,0.0103,0,0.0552,0.822,176.732,4gUYV3ktbaOeAK5KrXMWV5,141093,4
84,1966,Revolver,taxman,0.469,0.596,7,-8.348,1,0.0749,0.0101,0,0.321,0.783,133.586,4BRkPBUxOYffM2QXVlq7aC,158853,4
85,1966,Revolver,eleanor rigby,0.581,0.28,4,-9.091,0,0.0381,0.936,0.0000156,0.305,0.813,137.831,5GjPQ0eI7AgmOnADn1EO6Q,126533,4
86,1966,Revolver,im only sleeping,0.494,0.47,8,-9.599,0,0.0301,0.21,0,0.28,0.698,103.477,2ylCrFiBu98SC0vFfaCent,180320,4
87,1966,Revolver,love you to,0.391,0.593,5,-8.999,1,0.0413,0.7,0.000249,0.0829,0.707,123.986,4RdJFhfLQcezwN5LsXl4qP,179827,4
88,1966,Revolver,"here, there and everywhere",0.29,0.247,7,-12.125,1,0.0383,0.921,0.00565,0.0917,0.36,165.361,2B4Y9u4ERAFiMo13XPJyGP,144880,4
89,1966,Revolver,yellow submarine,0.604,0.549,1,-9.873,1,0.0389,0.531,0,0.438,0.696,111.398,50xwQXPtfNZFKFeZ0XePWc,158880,4
90,1966,Revolver,she said she said ,0.329,0.678,3,-7.878,1,0.0344,0.103,0.168,0.843,0.672,106.476,3VSuWxZM6x6V3ig5nYtikL,156040,4
91,1966,Revolver,good day sunshine,0.77,0.496,11,-8.45,1,0.0468,0.719,0,0.123,0.571,117.331,7HTH1ppjkkOe7RLoBDKXYJ,129293,3
92,1966,Revolver,and your bird can sing,0.555,0.65,4,-6.936,1,0.0282,0.0067,0.0491,0.236,0.966,132.59,4KRgqwb4kvBuTz1utbYxfb,120493,4
93,1966,Revolver,for no one,0.483,0.351,1,-10.487,0,0.0278,0.783,0,0.115,0.713,81.208,1kDkaFlmkdEZiVUogaP9OZ,119813,4
94,1966,Revolver,doctor robert,0.394,0.64,4,-8.992,1,0.0488,0.164,0.139,0.153,0.574,164.626,1ob06Ol8FMIPQgjpg7bMyk,134267,4
95,1966,Revolver,I want to tell you,0.493,0.525,9,-9.289,1,0.0315,0.182,0.0000044,0.148,0.449,127.492,7orb0y6ySGdsYZywMoQtsD,147973,4
96,1966,Revolver,got to get you into my life,0.521,0.524,0,-6.136,1,0.0302,0.42,0.00000927,0.0838,0.711,136.679,3tGhRLgcCP6SIZU3tbGl7l,149240,4
97,1966,Revolver,tomorrow never knows,0.38,0.829,5,-6.105,1,0.0405,0.000084,0.00208,0.342,0.0534,125.887,00oZhqZIQfL9P5CjOP6JsO,179547,4
98,1967,Sgt. Pepper's Lonely Hearts Club Band,sgt.peppers lonely hearts club band,0.451,0.673,7,-9.115,1,0.0734,0.0857,0.00225,0.797,0.583,95.513,4fUKE8EULjQdHF4zb0M8FO,122893,4
99,1967,Sgt. Pepper's Lonely Hearts Club Band,with a little help from my friends,0.705,0.515,4,-9.343,1,0.0337,0.365,0,0.389,0.803,112.035,2RnPATK99oGOZygnD2GTO6,164107,4
100,1967,Sgt. Pepper's Lonely Hearts Club Band,lucy in the sky with diamonds,0.311,0.325,2,-9.042,1,0.0283,0.0469,0,0.139,0.668,65.09,25yQPHgC35WNnnOUqFhgVR,208467,1
101,1967,Sgt. Pepper's Lonely Hearts Club Band,getting better,0.632,0.471,0,-7.887,1,0.0348,0.313,0.00000508,0.0712,0.764,121.672,3LtOmWpTXLhilL5odoKysR,168120,4
102,1967,Sgt. Pepper's Lonely Hearts Club Band,fixing a hole,0.469,0.507,0,-8.917,0,0.0451,0.382,0,0.0783,0.619,112.984,3pKKxkeB1pOUMHwWBmKc3Y,156827,4
103,1967,Sgt. Pepper's Lonely Hearts Club Band,shes leaving home,0.381,0.214,4,-11.629,1,0.0337,0.944,0,0.106,0.393,127.581,3PjMtNzwhDHqxoKudm6GvF,215160,3
104,1967,Sgt. Pepper's Lonely Hearts Club Band,being for the benefit of mr.kite!,0.526,0.413,0,-9.865,1,0.0446,0.338,0,0.0992,0.71,111.874,6W35n1UlkvqhfMZstB4BXs,157533,4
105,1967,Sgt. Pepper's Lonely Hearts Club Band,within you without you,0.352,0.479,6,-9.965,1,0.0338,0.339,0.000353,0.486,0.354,126.166,3Umg8CDhO8dOSj7yBTInYb,304667,4
106,1967,Sgt. Pepper's Lonely Hearts Club Band,when im sixty four,0.704,0.241,1,-13.258,1,0.0476,0.625,0.000028,0.0868,0.661,140.411,1NrbnHlR2BFREcyWXHIHip,157667,4
107,1967,Sgt. Pepper's Lonely Hearts Club Band,lovely rita,0.61,0.471,8,-9.151,0,0.0261,0.0634,0,0.118,0.63,87.379,6h9W5FxX4E9lUFsyq8j1AD,162093,4
108,1967,Sgt. Pepper's Lonely Hearts Club Band,good morning good mornng,0.542,0.618,2,-8.876,1,0.139,0.0858,0,0.772,0.93,121.849,0xIuNHHcKI1JDuBPlSwzb1,161227,3
109,1967,Sgt. Pepper's Lonely Hearts Club Band,sgt. Peppers lonely hearts club band,0.653,0.889,1,-8.006,1,0.0453,0.0061,0.589,0.892,0.879,118.773,42ocGQCOT0xYtV3f5kJDsD,79067,4
110,1967,Sgt. Pepper's Lonely Hearts Club Band,a day in the life,0.364,0.457,4,-14.162,0,0.0675,0.29,0.000106,0.922,0.175,163.219,"0hKRSZhUGEhKU6aNSPBACZ""",337413,4
111,1967,Magical Mystery Tour,magical mystery tour,0.297,).613,9,-9.065,1,0.0931,0.0385,0.0000398,0.0734,0.338,170.962,0qHMhBZqYb99yhX9BHcIkV,170107,4
112,1967,Magical Mystery Tour,the fool on the hill,0.365,0.26,4,-10.577,0,0.0314,0.913,0.0000021,0.105,0.49,144.184,6rHh8urosEFRI67xVa6fzU,179107,4
113,1967,Magical Mystery Tour,flying ,0.551,0.395,0,-14.755,1,0.0501,0.368,0.88,0.0932,0.261,92.929,1itLKsCWHtLnxALkgBk1Fa,135520,4
114,1967,Magical Mystery Tour,blue jay way,0.294,0.407,0,-11.575,1,0.0308,0.0258,0.000219,0.0852,0.0378,101.052,0QIX9BS0AUCQcHYvyrsMkV,235067,4
115,1967,Magical Mystery Tour,your mother should know,0.698,0.293,0,-11.361,1,0.0332,0.784,0.0106,0.0936,0.724,117.613,1dxbAIfCASqv6jix2R1Taj,148413,4
116,1967,Magical Mystery Tour,I am the walrus,0.401,0.556,2,-10.532,1,0.0513,0.0828,0.000359,0.589,0.654,85.206,6Pq9MmkDQYZiiCDpxnvrf6,275867,4
117,1967,Magical Mystery Tour,"hello, goodbye",0.479,0.733,0,-8.753,1,0.0256,0.306,0.000024,0.414,0.806,99.307,0vZ97gHhemKm6c64hTfJNA,208840,4
118,1967,Magical Mystery Tour,strawberry field forever,0.39,0.502,10,-12.277,1,0.178,0.336,0.000138,0.0713,0.289,97.871,3Am0IbOxmvlSXro7N5iSfZ,247320,4
119,1967,Magical Mystery Tour,penny lane,0.651,0.488,9,-8.22,1,0.0316,0.212,0.026,0.136,0.49,113.038,1h04XMpzGzmAudoI6VHBgA,180893,4
120,1967,Magical Mystery Tour,"baby, youre a rich man",0.619,0.625,7,-9.635,1,0.036,0.0119,0.00000105,0.152,0.467,96.751,0JBvtprXP2Z0LP3jmzA7Xp,181307,4
121,1967,Magical Mystery Tour,all you need is love,0.4,0.48,7,-7.768,1,0.0295,0.346,0.000031,0.155,0.653,103.436,68BTFws92cRztMS1oQ7Ewj,230387,4
122,1968,The Beatles (white album),back in the ussr,0.48,0.969,9,-7.464,1,0.0854,0.069,0.00022,0.0608,0.494,142.489,0j3p1p06deJ7f9xmJ9yG22,163453,4
123,1968,The Beatles (white album),dear prudence ,0.388,0.529,7,-10.533,1,0.0436,0.16,0.0681,0.108,0.332,150.721,5NQYyej46WQkgCbnzGD21W,235773,4
124,1968,The Beatles (white album),glass onion,0.523,0.51,7,-9.827,0,0.0514,0.0123,0.0000838,0.108,0.789,120.432,2jAojvUaPoHPFSPpF0UNRo,137840,4
125,1968,The Beatles (white album),"obi-la -di, ob-la-da",0.818,0.728,10,-8.331,1,0.0314,0.232,0.0642,0.251,0.975,113.059,1gFNm7cXfG1vSMcxPpSxec,188960,4
126,1968,The Beatles (white album),wild honey pie,0.792,0.763,2,-11.185,1,0.0506,0.425,0.627,0.789,0.152,89.9,6j67aNAPeQ31uw4qw4rpLa,52973,4
127,1968,The Beatles (white album),the continue story of bungalow bill,0.621,0.459,0,-10.414,1,0.104,0.224,0,0.656,0.648,114.816,5Z3Rd1fMcaty8g5Pn7yhBQ,194160,4
128,1968,The Beatles (white album),while my guitar gently weeps,0.453,0.654,4,-8.855,0,0.0317,0.0205,0.00395,0.172,0.702,115,389QX9Q1eUOEZ19vtzzI9O,285000,4
129,1968,The Beatles (white album),happiness is a warm gem,0.431,0.54,9,-9.6,0,0.0589,0.523,0.00000134,0.169,0.44,139.288,71LsKf3xISiOlY1mj7FFPP,164547,4
130,1968,The Beatles (white album),martha my dear,0.472,0.292,10,-11.591,1,0.0321,0.872,0.0007,0.128,0.824,177.624,1swmf4hFMJYRNA8Rq9PVaW,148573,4
131,1968,The Beatles (white album),im so tired,0.433,0.483,9,-9.422,1,0.175,0.656,0.0000264,0.539,0.717,68.492,2X9H5BokS1u5O46YpNYNsZ,123493,4
132,1968,The Beatles (white album),blackbird,0.686,0.127,7,-14.361,1,0.0342,0.754,0.0000141,0.0573,0.372,93.699,5jgFfDIR6FR0gvlA56Nakr,138387,4
133,1968,The Beatles (white album),piggies,0.542,0.445,8,-9.105,1,0.0303,0.643,0,0.516,0.52,93.245,4ZmjfLdJXbqjAENqk7eWSE,124267,4
134,1968,The Beatles (white album),rocky raccoon,0.599,0.363,7,-11.728,1,0.0315,0.333,0,0.243,0.648,79.456,1ITQbrueGLl581a25XXm9c,213107,4
135,1968,The Beatles (white album),don’t pass me by,0.599,0.537,0,-9.617,1,0.0254,0.594,0.0000192,0.194,0.946,84.895,4zq4rrfHZeZsTbo5vjJXSV,230453,4
136,1968,The Beatles (white album),why don’t we do it in the road?,0.589,0.522,2,-8.718,1,0.0521,0.53,0.000243,0.0993,0.957,187.688,4eLIq1nQNwz2qLu8DeiWIp,101160,4
137,1968,The Beatles (white album),I will,0.631,0.387,5,-11.529,1,0.0262,0.742,0.000406,0.0822,0.832,103.11,"09x9v1o51dbqi5H0u7UGfp"",",105933,4
138,1968,The Beatles (white album),julia,0.512,0.0953,2,-16.082,1,0.0304,0.828,0.000268,0.117,0.193,134.706,5FnpXVgDOk2sLT58qM22Of,176667,4
139,1968,The Beatles (white album),birthday,0.541,0.727,2,-7.509,1,0.0384,0.0000737,0.717,0.232,0.91,139.239,1ABegtCPBMMJaMpfDyATjE,163080,4
140,1968,The Beatles (white album),yer blue,0.327,0.525,9,-10.272,1,0.0475,0.000875,0.259,0.133,0.435,151.766,2AsGApoUuN8pTM17Lq9eUd,240453,3
141,1968,The Beatles (white album),mother natures son,0.608,0.178,2,-17.109,1,0.0264,0.634,0.352,0.166,0.401,84.78,6TjUg1cTUzWHbal6yQAi7c,168027,4
142,1968,The Beatles (white album),everybodys got something to hide even you,0.523,0.731,2,-8.613,1,0.0559,0.0207,0.000464,0.081,0.81,117.089,64P3zpRsDHIk7YTpRtaKYL,144773,4
143,1968,The Beatles (white album),sexy sadie ,0.577,0.624,0,-9.626,1,0.0285,0.33,0.00622,0.117,0.671,75.478,2tBv9tAdqEbLNDi5smSjbg,195267,4
144,1968,The Beatles (white album),helter skelter,0.166,0.831,9,-8.469,1,0.0894,0.000606,0.846,0.811,0.281,167.518,0Bs0hUYxz7REyIHH7tRhL2,269787,4
145,1968,The Beatles (white album),"long, long. Long",0.349,0.129,5,-15.883,1,0.0294,0.539,0.405,0.192,0.163,104.837,40d2EcaOOCUjDzzo2YvUWn,186307,3
146,1968,The Beatles (white album),revolution 1,0.386,0.626,9,-9.451,1,0.0377,0.0785,0.00164,0.621,0.695,98.425,1aOzDhi5a1RWWRy5dmYA8I,255707,4
147,1968,The Beatles (white album),honey pie,0.537,0.297,7,-15.452,1,0.0822,0.88,0.000015,0.145,0.553,144.197,1TPcNcmuKlq0PKpYOBgP1U,161160,4
148,1968,The Beatles (white album),savoy truffle,0.623,0.544,11,-11.043,0,0.0536,0.00814,0.309,0.134,0.793,120.761,5iyCSUM7zzficwaGo8GIoc,174467,4
149,1968,The Beatles (white album),cry baby cry,0.517,0.529,9,-11.851,0,0.0323,0.115,0.00396,0.174,0.362,76.644,5XmetMMUFNXClbiYnGdVmP,182080,4
150,1968,The Beatles (white album),revolution 9,0.208,0.615,2,-15.297,0,0.342,0.769,0.118,0.824,0.101,91.158,5dZ8PeKKZJLIQAWNTdp8WX,502013,4
151,1968,The Beatles (white album),good night,0.146,0.355,7,-14.583,1,0.0352,0.865,0.835,0.114,0.178,146.408,3T4Kt51PV4k8tx6YCtBgcl,193760,3
152,1969,Yellow Submarine,yellow submarine,0.605,0.536,1,-10.069,1,0.0421,0.518,0,0.528,0.688,110.849,3oEo8Pqm5IAi8wQfCI5BpR,159720,4
153,1969,Yellow Submarine,only a northern song,0.175,0.731,9,-8.341,1,0.0705,0.000341,0.000751,0.0846,0.801,"209.242,",4phXWLTSlC1BEogSWhJMDD,204493,4
154,1969,Yellow Submarine,all together now,0.587,0.431,2,-9.495,1,0.0686,0.0722,0,0.561,0.778,95.937,2ck8lFrYAch2GPtdhpTHe3,130893,4
155,1969,Yellow Submarine,hey bulldog,0.587,0.617,7,-9.164,1,0.028,0.0197,0.639,0.199,0.947,100.495,5xYC2ZJJ9TMJL8BOl85O2R,191307,4
156,1969,Yellow Submarine,its all too much ,0.39,0.781,7,-7.878,1,0.0364,0.000043,0.412,0.1,0.199,113.511,2bQZ9BBhP7vSBiyDz7KXnv,385013,4
157,1969,Yellow Submarine,all you need is love,0.4,0.463,7,-8.455,1,0.0288,0.345,0.0000459,0.286,0.627,103.103,2Z8cY4QpZTFUZxCQCpvNe1,231213,4
158,1969,Yellow Submarine,pepperland,0.354,0.281,7,-12.434,1,0.032,0.661,0.763,0.243,0.367,113.126,1y8kq7M3tBw4zAttsZMya8,140733,4
159,1969,Yellow Submarine,sea of time ,0.237,0.096,2,-20.629,0,0.0387,0.971,0.0961,0.203,0.0629,128.054,6FvhNdlAom6yYHa8ekAaAM,180213,4
160,1969,Yellow Submarine,sea of holes,0.249,0.0994,6,-19.266,0,0.04,0.959,0.926,0.454,0.0357,118.99,6n42oei7aEx2I0dcluKAGx,136693,3
161,1969,Yellow Submarine,sea of monsters,0.253,0.166,9,-16.624,1,0.0346,0.945,0.862,0.135,0.0489,83.971,30u8QyT0kBSYO5RcZmaLl3,216693,3
162,1969,Yellow Submarine,march of the meanies,0.538,0.378,9,-14.117,0,0.0387,0.934,0.758,0.456,0.16,117.185,7zJKIrxcH2jY4TOqpvoLvH,139360,4
163,1969,Yellow Submarine,pepperland laid waste,0.269,0.0902,8,-23.018,0,0.042,0.877,0.821,0.302,0.0462,82.423,0rHHNFcUgB0zlzCk4MVluw,132773,4
164,1969,Yellow Submarine,yellow submarine in pepperland,0.406,0.219,7,-13.155,1,0.0359,0.808,0.599,0.15,0.271,105.345,7ExawMDcRz2lMgNEjjYzdr,134027,4
165,1969,Abbey Road,come together,0.533,0.376,9,-11.913,0,0.0393,0.0302,0.248,0.0926,0.187,165.007,2EqlS6tkEnglzr7tkKAAYD,259947,4
166,1969,Abbey Road,something,0.396,0.338,0,-10.872,1,0.0304,0.198,0.00000262,0.138,0.377,133.522,0pNeVovbiZHkulpGeOx1Gj,182293,4
167,1969,Abbey Road,maxwells silver hammer,0.764,0.426,2,-11.045,1,0.0405,0.629,0.000119,0.132,0.726,131.12,2S8xyNRJX1XQdo3qnTuovI,207920,4
168,1969,Abbey Road,oh! Darling,0.422,0.656,4,-8.412,1,0.0397,0.0126,0.0279,0.268,0.549,173.93,2mxByJWOajjiVsLWjNXvDJ,207240,3
169,1969,Abbey Road,octopus's garden,0.626,0.512,1,-9.15,0,0.0247,0.155,0.0000465,0.215,0.73,92.225,0suLngfo7rJoetk7Ub6N8l,170720,4
170,1969,Abbey Road,I want you(she's so heavy),0.37,0.515,2,-9.487,0,0.0321,0.0233,0.205,0.0966,0.42,115.732,3Z25k4ZF6QENy2d9YatsM5,467320,4
171,1969,Abbey Road,Heres comes the sun,0.557,0.54,9,-10.484,1,0.0347,0.0339,0.00248,0.179,0.394,129.171,6dGnYIeXmHdcikdzNNDMm2,185733,4
172,1969,Abbey Road,because,0.328,0.249,2,-11.777,1,0.0272,0.754,0.00000577,0.134,0.162,81.257,1rxoyGj1QuPoVi8fOft1Kt,165667,4
173,1969,Abbey Road,you never give me your money,0.335,0.416,0,-11.051,1,0.0348,0.345,0.136,0.116,0.223,174.464,1jOLTO379yIu9aMnCkpMQl,242973,3
174,1969,Abbey Road,sun king,0.483,0.177,2,-17.629,1,0.0277,0.284,0.499,0.116,0.192,74.994,4nwKdZID1ht0lDBJ5h2p87,146267,4
175,1969,Abbey Road,mean mr mustard,0.676,0.596,4,-9.107,1,0.0272,0.0699,0.0000196,0.351,0.97,100.687,4JOyMhad5dD81uGYLGgKrS,66533,4
176,1969,Abbey Road,polythene pam,0.474,0.939,11,-8.884,0,0.199,0.00472,0.674,0.19,0.499,166.829,1FTCA6wQwulQFokDddKE68,72640,4
177,1969,Abbey Road,she came in through the bathroom,0.53,0.72,2,-8.793,1,0.0338,0.00376,0.0000338,0.314,0.69,80.652,2jtUGFsqanQ82zqDlhiKIp,118627,4
178,1969,Abbey Road,golden slumbers,0.419,0.152,0,-12.126,1,0.0277,0.326,0.0034,0.113,0.239,80.608,01SfTM5nfCou5gQL70r6gs,91760,4
179,1969,Abbey Road,carry that weight ,0.543,0.458,0,-8.976,1,0.0274,0.226,0.00663,0.298,0.704,84.319,5eZrW59C3UgBhkqNlowEID,96467,4
180,1969,Abbey Road,the end ,0.647,0.487,11,-10.119,0,0.0689,0.00101,0.285,0.138,0.222,123.444,5aHHf6jrqDRb1fcBmue2kn,141613,1
181,1969,Abbey Road,her majesty,0.703,0.215,2,-23.03,1,0.0892,0.728,0.00000123,0.13,0.522,100.874,6UCFZ9ZOFRxK8oak7MdPZu,25987,3
182,1970,Let It Be,two of us,0.726,0.702,7,-10.757,1,0.032,0.0974,0.0000346,0.239,0.931,109.114,0CaBBQsaAiRHhiLmzi7ZRp,216813,4
183,1970,Let It Be,dig a pony,0.538,0.478,11,-8.957,0,0.0388,0.472,0,0.17,0.527,59.004,4OUmlC67FoPLvQNuE5C7kF,235000,4
184,1970,Let It Be,across the universe,0.257,0.412,1,-11.788,1,0.0287,0.361,0.0000868,0.0702,0.858,152.126,4dkoqJrP0L8FXftrMZongF,228133,4
185,1970,Let It Be,I me mine,0.291,0.638,9,-7.854,0,0.0554,0.179,0,0.101,0.525,185.235,2BMqay80iBzZTa608Y1eG1,145587,3
186,1970,Let It Be,dig it ,0.54,0.489,5,-12.276,1,0.117,0.659,0.0019,0.457,0.67,157.03,0eRyOunOVBChlXxIvqwOxH,50467,3
187,1970,Let It Be,let it be ,0.443,0.403,0,-8.339,1,0.0322,0.631,0,0.111,0.41,143.462,7iN1s7xHE4ifF5povM6A48,243027,4
188,1970,Let It Be,maggie mae,0.516,0.515,2,-12.035,0,0.215,0.379,0,0.103,0.524,169.039,2VsX1BoWSGiuVXGiFSUr6h,40040,4
189,1970,Let It Be,ive got a feeling,0.44,0.609,2,-8.824,1,0.0358,0.0715,0,0.582,0.364,165.156,3gwRWIbr5ycEVLIAXrWaw7,217560,4
190,1970,Let It Be,one after 909,0.554,0.828,4,-6.435,1,0.0739,0.0307,0,0.907,0.888,90.95,50qHmeex1nPTyQTwBXjSE4,173960,4
191,1970,Let It Be,the long and winding road,0.299,0.329,3,-10.096,1,0.0279,0.756,0.0105,0.0559,0.392,132.282,3mlMpmY8oZIBFc39D9zLbh,218187,4
192,1970,Let It Be,for you blue,0.88,0.556,2,-10.773,1,0.0855,0.24,0.0483,0.24,0.955,128.542,5dpRJkvY8oWMQmQbEQTXhO,152213,4
193,1970,Let It Be,get back,0.761,0.592,2,-9.836,1,0.0586,0.492,0.00626,0.61,0.332,123.095,4MLBqAEzNN89o2M9h92Z26,189387,4
